{
  "hash": "becb8611",
  "configHash": "3cd41902",
  "lockfileHash": "3683772b",
  "browserHash": "76b4c26e",
  "optimized": {
    "@angular/core": {
      "src": "../../../../../node_modules/@angular/core/fesm2022/core.mjs",
      "file": "@angular_core.js",
      "fileHash": "42ea092b",
      "needsInterop": false
    },
    "@angular/platform-browser": {
      "src": "../../../../../node_modules/@angular/platform-browser/fesm2022/platform-browser.mjs",
      "file": "@angular_platform-browser.js",
      "fileHash": "f2d9e764",
      "needsInterop": false
    },
    "@angular/router": {
      "src": "../../../../../node_modules/@angular/router/fesm2022/router.mjs",
      "file": "@angular_router.js",
      "fileHash": "d0a7fe6a",
      "needsInterop": false
    }
  },
  "chunks": {
    "chunk-NKRQVUSQ": {
      "file": "chunk-NKRQVUSQ.js"
    },
    "chunk-QT62IOSF": {
      "file": "chunk-QT62IOSF.js"
    }
  }
}